,mean_fit_time,std_fit_time,mean_score_time,std_score_time,param_embedding_dim,param_hidden_dims,param_kernel_size,param_num_filters,param_vocab_size,params,split0_test_score,split1_test_score,split2_test_score,split3_test_score,split4_test_score,split5_test_score,split6_test_score,split7_test_score,split8_test_score,split9_test_score,mean_test_score,std_test_score,rank_test_score,epoch
0,17.860226893424986,0.3926002774285861,0.07325112819671631,0.005590422761341905,64,256,7,128,4273,"{'embedding_dim': 64, 'hidden_dims': 256, 'kernel_size': 7, 'num_filters': 128, 'vocab_size': 4273}",0.9491525423728814,1.0,0.98,1.0,0.9583333333333334,1.0,0.9655172413793104,0.98,0.9666666666666667,0.9591836734693877,0.975885345722158,0.018090201252367794,2,100
1,22.736195254325867,0.09488856554486351,0.07604739665985108,0.003809035939347851,64,256,7,256,4273,"{'embedding_dim': 64, 'hidden_dims': 256, 'kernel_size': 7, 'num_filters': 256, 'vocab_size': 4273}",0.9661016949152542,1.0,0.96,1.0,0.9583333333333334,0.9795918367346939,0.9827586206896551,1.0,0.9666666666666667,0.9387755102040817,0.9752227662543685,0.0197974761728388,3,100
2,32.14002673625946,0.19139170816786502,0.07618696689605713,0.002580895214725086,64,256,7,512,4273,"{'embedding_dim': 64, 'hidden_dims': 256, 'kernel_size': 7, 'num_filters': 512, 'vocab_size': 4273}",0.9491525423728814,1.0,0.96,0.9791666666666666,0.9791666666666666,0.9795918367346939,0.9827586206896551,1.0,0.9833333333333333,0.9795918367346939,0.9792761503198589,0.014719949867693717,1,100
