,mean_fit_time,std_fit_time,mean_score_time,std_score_time,param_embedding_dim,param_hidden_dims,param_kernel_size,param_num_filters,param_vocab_size,params,split0_test_score,split1_test_score,split2_test_score,split3_test_score,split4_test_score,split5_test_score,split6_test_score,split7_test_score,split8_test_score,split9_test_score,mean_test_score,std_test_score,rank_test_score,epoch
0,26.46802704334259,0.09353171354279001,0.07000157833099366,0.0009878693445832215,64,256,7,128,4273,"{'embedding_dim': 64, 'hidden_dims': 256, 'kernel_size': 7, 'num_filters': 128, 'vocab_size': 4273}",0.9661016949152542,0.9302325581395349,0.98,0.9791666666666666,0.9791666666666666,0.9795918367346939,0.9655172413793104,1.0,0.9666666666666667,1.0,0.9746443331168793,0.018900299037626,2,150
1,33.851553964614865,0.543496507062687,0.07612459659576416,0.005691534823137578,64,256,7,256,4273,"{'embedding_dim': 64, 'hidden_dims': 256, 'kernel_size': 7, 'num_filters': 256, 'vocab_size': 4273}",0.9491525423728814,0.9534883720930233,0.98,1.0,0.9791666666666666,1.0,0.9827586206896551,1.0,0.9833333333333333,1.0,0.982789953515556,0.017877385697607415,1,150
2,47.804930973052976,0.24282100797051773,0.07864158153533936,0.0023474632810988943,64,256,7,512,4273,"{'embedding_dim': 64, 'hidden_dims': 256, 'kernel_size': 7, 'num_filters': 512, 'vocab_size': 4273}",0.9661016949152542,0.9767441860465116,0.96,0.9583333333333334,1.0,1.0,0.9827586206896551,0.96,0.9833333333333333,0.9183673469387755,0.9705638515256864,0.022803735868198626,3,150
