,mean_fit_time,std_fit_time,mean_score_time,std_score_time,param_embedding_dim,param_hidden_dims,param_kernel_size,param_num_filters,param_vocab_size,params,split0_test_score,split1_test_score,split2_test_score,split3_test_score,split4_test_score,split5_test_score,split6_test_score,split7_test_score,split8_test_score,split9_test_score,mean_test_score,std_test_score,rank_test_score,epoch
0,9.384825491905213,0.42871957653549597,0.07494750022888183,0.005828216718843319,64,256,7,128,4273,"{'embedding_dim': 64, 'hidden_dims': 256, 'kernel_size': 7, 'num_filters': 128, 'vocab_size': 4273}",0.9491525423728814,1.0,0.98,0.9791666666666666,1.0,1.0,0.9827586206896551,1.0,1.0,1.0,0.9891077829729203,0.015907083226640088,1,50
1,11.639400386810303,0.17084691417391681,0.07448461055755615,0.0036613516555295284,64,256,7,256,4273,"{'embedding_dim': 64, 'hidden_dims': 256, 'kernel_size': 7, 'num_filters': 256, 'vocab_size': 4273}",0.9491525423728814,1.0,0.98,1.0,1.0,0.9795918367346939,0.9827586206896551,0.98,0.9833333333333333,0.9591836734693877,0.9814020006599952,0.016075188117876983,3,50
2,16.315116310119627,0.17396246702997567,0.07613720893859863,0.004928287231927891,64,256,7,512,4273,"{'embedding_dim': 64, 'hidden_dims': 256, 'kernel_size': 7, 'num_filters': 512, 'vocab_size': 4273}",0.9491525423728814,1.0,0.98,1.0,1.0,0.9795918367346939,0.9827586206896551,1.0,1.0,0.9591836734693877,0.9850686673266619,0.017708042785589833,2,50
