,mean_fit_time,std_fit_time,mean_score_time,std_score_time,param_embedding_dim,param_hidden_dims,param_kernel_size,param_num_filters,param_vocab_size,params,split0_test_score,split1_test_score,split2_test_score,split3_test_score,split4_test_score,split5_test_score,split6_test_score,split7_test_score,split8_test_score,split9_test_score,mean_test_score,std_test_score,rank_test_score,epoch
0,13.64655888080597,0.4002125686042919,0.07432007789611816,0.004966978535146542,64,256,7,128,4273,"{'embedding_dim': 64, 'hidden_dims': 256, 'kernel_size': 7, 'num_filters': 128, 'vocab_size': 4273}",0.9661016949152542,1.0,0.98,1.0,1.0,1.0,0.9482758620689655,1.0,0.95,0.9387755102040817,0.9783153067188299,0.024022199016979186,2,75
1,17.113464093208314,0.06532676972419679,0.07445285320281983,0.001989149331169074,64,256,7,256,4273,"{'embedding_dim': 64, 'hidden_dims': 256, 'kernel_size': 7, 'num_filters': 256, 'vocab_size': 4273}",0.9491525423728814,0.9767441860465116,0.94,0.9791666666666666,0.9791666666666666,1.0,0.9827586206896551,1.0,0.95,0.9591836734693877,0.971617235591177,0.020004441762882706,3,75
2,24.206436705589294,0.16331583241701847,0.07687270641326904,0.0021871178495459554,64,256,7,512,4273,"{'embedding_dim': 64, 'hidden_dims': 256, 'kernel_size': 7, 'num_filters': 512, 'vocab_size': 4273}",0.9491525423728814,0.9767441860465116,0.98,1.0,1.0,0.9795918367346939,0.9655172413793104,1.0,0.9666666666666667,1.0,0.9817672473200064,0.017083995457591275,1,75
