,mean_fit_time,std_fit_time,mean_score_time,std_score_time,param_embedding_dim,param_hidden_dims,param_kernel_size,param_num_filters,param_vocab_size,params,split0_test_score,split1_test_score,split2_test_score,split3_test_score,split4_test_score,split5_test_score,split6_test_score,split7_test_score,split8_test_score,split9_test_score,mean_test_score,std_test_score,rank_test_score,epoch
0,22.050678396224974,0.1131009243344018,0.0698007345199585,0.0018135925746506473,64,256,7,128,4273,"{'embedding_dim': 64, 'hidden_dims': 256, 'kernel_size': 7, 'num_filters': 128, 'vocab_size': 4273}",0.9830508474576272,1.0,0.98,1.0,0.9791666666666666,1.0,0.9482758620689655,0.98,0.9833333333333333,0.9591836734693877,0.981301038299598,0.016260155586252642,3,125
1,28.448760557174683,0.35528201547201804,0.07826550006866455,0.007074180548597197,64,256,7,256,4273,"{'embedding_dim': 64, 'hidden_dims': 256, 'kernel_size': 7, 'num_filters': 256, 'vocab_size': 4273}",0.9491525423728814,1.0,0.98,1.0,1.0,1.0,0.9827586206896551,1.0,1.0,0.9387755102040817,0.9850686673266619,0.02191282798822725,1,125
2,39.85894677639008,0.1489152970752422,0.07869086265563965,0.005089857740838119,64,256,7,512,4273,"{'embedding_dim': 64, 'hidden_dims': 256, 'kernel_size': 7, 'num_filters': 512, 'vocab_size': 4273}",0.9491525423728814,1.0,1.0,1.0,1.0,1.0,0.9827586206896551,0.98,0.9666666666666667,0.9591836734693877,0.9837761503198591,0.018513994020176748,2,125
